이름,생성일,태그
final_edited,2025년 6월 25일 오후 8:00,
model00,2025년 6월 25일 오후 8:00,
model01,2025년 6월 25일 오후 8:00,
model02,2025년 6월 25일 오후 8:00,
model03,2025년 6월 25일 오후 8:00,
model04,2025년 6월 25일 오후 8:00,
model08,2025년 6월 25일 오후 8:00,
model07,2025년 6월 25일 오후 8:00,
model06,2025년 6월 25일 오후 8:00,
model05,2025년 6월 25일 오후 8:00,
final01,2025년 6월 25일 오후 8:00,
final02,2025년 6월 25일 오후 8:00,
model09,2025년 6월 25일 오후 8:00,
final03,2025년 6월 25일 오후 8:00,
final04,2025년 6월 25일 오후 8:00,
IMG_4409,2025년 6월 25일 오후 8:00,
IMG_4411,2025년 6월 25일 오후 8:00,
IMG_4419,2025년 6월 25일 오후 8:00,
IMG_4414,2025년 6월 25일 오후 8:00,
IMG_4420,2025년 6월 25일 오후 8:00,
IMG_4428,2025년 6월 25일 오후 8:00,
IMG_4424,2025년 6월 25일 오후 8:00,
IMG_4429,2025년 6월 25일 오후 8:00,
IMG_4439,2025년 6월 25일 오후 8:00,
IMG_4432,2025년 6월 25일 오후 8:00,
IMG_4468,2025년 6월 25일 오후 8:00,
IMG_4463,2025년 6월 25일 오후 8:00,
IMG_4443,2025년 6월 25일 오후 8:00,
IMG_4470,2025년 6월 25일 오후 8:00,
IMG_4477,2025년 6월 25일 오후 8:00,
IMG_4479,2025년 6월 25일 오후 8:00,